subsystem,item,part_or_example,qty,approx_unit_usd,tier,status,engineering_notes,source_url,change_vs_brief
Core MCU,Seeed Studio XIAO ESP32-S3 (NON-Sense),XIAO ESP32-S3,1,7.49,CORE,PROTOTYPE-READY,BLE/Wi-Fi safety authority. Non-Sense = no camera. Powered from 5V_SW through 1N5817 into the 5V pin (Seeed's recommended diode).,https://wiki.seeedstudio.com/xiao_esp32s3_getting_started/,kept
Depth sensing,SparkFun Qwiic Mini ToF Imager,VL53L5CX / SEN-19013,1,25.95,CORE,PROTOTYPE-READY,"8x8 zones, 25.4 x 12.7 mm. In the bridge pocket, sensor flush with the front face. Open window, no cover glass.",https://www.sparkfun.com/sparkfun-qwiic-mini-tof-imager-vl53l5cx.html,kept
Motion,Adafruit LSM6DSOX 6-DoF IMU (STEMMA QT/Qwiic),Adafruit 4438,1,11.95,CORE,PROTOTYPE-READY,"25.4 x 17.78 mm. Plug-in Qwiic cables, no soldering. No major vendor sells a Qwiic ICM-42688-P board.",https://www.adafruit.com/product/4438,REPLACES ICM-42688-P breakout
Environment,"BME280 module, 3.3 V I2C (temp + humidity + pressure)",GY-BME280-3.3 class,1,6.0,CORE,PROTOTYPE-READY,"One board replaces BMP390 + SHT40. Sits in the vented left-brow pocket, about 20 mm from the ToF. Check the chip ID is 0x60 (BME280), not 0x58 (BMP280 clone). Measure the board: the pocket is 15.5 x 12 mm.",https://www.bosch-sensortec.com/en/products/environmental-sensors/humidity-sensors-bme280/,REPLACES BMP390 + SHT40
Microphone,I2S MEMS microphone breakout,Adafruit 3421 SPH0645LM4H,1,6.95,CORE,PROTOTYPE-READY,VDD = MIC_3V3 only. Power comes through the PTT switch and nothing else.,https://www.adafruit.com/product/3421,kept
Audio amp,I2S class-D amplifier,Adafruit 3006 MAX98357A,2,5.95,CORE,PROTOTYPE-READY,"One amp for bone, one for outward. Each SD pin goes to its own GPIO, giving BONE / OUTWARD / BOTH / MUTE. Firmware caps the volume.",https://www.adafruit.com/product/3006,kept
Bone audio,Bone-conductor transducer 8 ohm 1 W,Adafruit 1674,1,8.0,CORE,PROTOTYPE-READY,"Sits in the right TPU ear-grip cradle over the mastoid, face 0.8 mm proud. The 2nd unit is optional (set bone_left=true).",https://www.adafruit.com/product/1674,2 -> 1 (2nd optional; amp output is mono anyway)
Open audio,15 mm round 8 ohm 0.5-1 W micro speaker,15 mm 8R,1,3.0,CORE,PROTOTYPE-READY,"Right pod, rear inner layer, fires through the inner-wall grille. Measure it: the pocket is 15.2 x 4.5 mm.",https://www.adafruit.com/category/271,2 -> 1 (2nd optional)
Power,USB-C charger + power path + 5 V 1 A boost on one board,Adafruit 6106 (bq25185 + TPS61023),1,10.0,CORE,PROTOTYPE-READY,"29.21 x 19.05 mm, left pod. Cut the ISET jumper for 500 mA charge. Replace R16 (THERM) with the 10k NTC. Keep boost start-up load under 200 mA (see the Adafruit notes). Price unconfirmed.",https://www.adafruit.com/product/6106,REPLACES BQ24074 board + TPS61023 board
Battery,"Protected 1S LiPo 8 x 20 x 46 mm, ~800 mAh, JST-PH",PKCELL LP802046 class,1,9.0,CORE,PROTOTYPE-READY,"A temple-shaped cell. The 34 mm-wide 1200 mAh pack does not fit any temple. For the 802060 (1100 mAh) option, make the pod 16 mm longer.",https://www.adafruit.com/category/574,1200 mAh 34 mm-wide -> 800 mAh 20 mm-wide (fits temple)
Battery alt,Protected 1S LiPo 8 x 20 x 62 mm 1100 mAh,DNK Power 802060,0,0,OPTION,PROTOTYPE-READY,"Use with pod_len +16 and only if the ear clearance allows it. Manufacturer listing, request a quote.",https://www.dnkpower.com/products/3-7v-802060-1100mah-lithium-polymer-battery/,option
Battery thermal,"10k NTC thermistor, B~3435 (103AT)",10k NTC,1,1.0,CORE,PROTOTYPE-READY,Kapton-taped to the cell and wired to the charger THERM/TS pads. The charger then stops on over- or under-temperature in hardware.,https://www.adafruit.com/category/66,kept (now wired to bq25185 TS)
Privacy control,6 x 6 mm tactile switch (SPST momentary),Omron B3F-1000 class,1,0.25,CORE,PROTOTYPE-READY,"Right frame corner, under the printed flexure button. Switches 3V3 to MIC_3V3. This is the only path that powers the mic and LED.",https://www.digikey.com/en/products/filter/pushbutton-switches/199,REPLACES DPST momentary (see diode below)
Privacy control,1N4148 diode + 100k pulldown (PTT sense),1N4148,1,0.1,CORE,PROTOTYPE-READY,"MIC_3V3 goes through the diode to D1. The diode blocks the GPIO from ever powering MIC_3V3, so it keeps the invariant that pole B gave.",,NEW (replaces DPST pole B)
Power control,"Slide switch, SPDT, 5 A (main power)",E-Switch 500SSP1S1M6QEA,1,3.19,CORE,PROTOTYPE-READY,"Left frame endpiece, actuator out the side. Breaks the 5 V system rail. The charger keeps charging while it is off.",https://www.digikey.com/en/products/detail/e-switch/500SSP1S1M6QEA/378947,kept (rated part chosen)
Privacy indicator,3 mm red LED + 1k resistor,MIC ON,1,0.25,CORE,PROTOTYPE-READY,"Front of the right endpiece, wired directly to MIC_3V3.",,kept
Power,1N5817 Schottky (5V_SW -> XIAO 5V pin),1N5817,1,0.3,CORE,PROTOTYPE-READY,Stops backfeed when the XIAO USB-C is plugged in.,,NEW
Power,2 x 100k resistors (VBAT sense divider -> D0),100k,2,0.03,CORE,PROTOTYPE-READY,Battery level for battery_manager.,,NEW
Hinge,"Brass tube 4 mm OD x 0.45 wall (ID ~3.1), 300 mm",K&S 9822,1,9.99,CORE,EXPERIMENTAL,Two 13.5 mm hollow hinge pins. The wires run through the axis and only twist when folding. Run the fold-cycle test first.,https://ksmetals.com/products/br45mm-4,NEW (hollow-pin hinge)
Fasteners,"M2 heat-set inserts (OD 3.6, L 4)",ruthex M2 x 4,1,8.5,CORE,PROTOTYPE-READY,"2 for the lids, 2 for the HUD mount. Hole 3.1 x 5.5 mm (tune on the coupon).",https://www.3djake.com/ruthex/threaded-insert-m2-70-pieces,kept
Fasteners,"M2 screw assortment (x4, x5, x6 pan/button head)",M2,1,8.0,CORE,PROTOTYPE-READY,Lids M2x5 (2). HUD mount M2x6 (2). Pivots M2x4 (2). Focus clamp M2x6 (1).,,kept
Harness,"Silicone wire 28 AWG (power) + 30 AWG (signal), 2 Qwiic cables + 1 Qwiic pigtail",Harness,1,10.0,CORE,PROTOTYPE-READY,Right hinge: 7 wires. Left hinge: 3. About 36% fill in a 3.1 mm ID tube.,,kept
Comfort,Stick-on silicone nose pads (12 pairs),adhesive D-pads,1,15.95,CORE,PROTOTYPE-READY,Stick onto the printed pad lands.,https://eyeglasssupplystore.com/products/adhesive-silicone-nose-pads,NEW (replaces printed pads)
Consumables,1 mm foam tape + Kapton tape,,1,6.0,CORE,PROTOTYPE-READY,"Board retention in the pods, harness covering, battery padding.",,kept
Filament,PETG (~65 g core) + TPU 95A (~5 g),Bambu PETG HF / TPU 95A HF,1,3.0,CORE,PROTOTYPE-READY,Print the HUD tower in black PETG.,,kept
Combiner optics,"30R/70T plate beamsplitter, 25 mm dia x 1 mm, N-BK7",Edmund Optics #35-933,1,149.0,HUD,EXPERIMENTAL,"Optical grade, never printed. A budget 30/70 teleprompter glass cut to 25 mm also fits the arm, but check the ratio.",https://www.edmundoptics.com/p/25mm-dia-30-70rt-vis-plate-beamsplitter/37187/,priced from a real part (brief: ~$25)
HUD optics,"25 mm dia, f = 25 mm plastic asphere",Edmund Optics #66-008,1,34.95,HUD,EXPERIMENTAL,Press-fit in the tower lens seat. Focus with the sliding display carrier (about +/-6 mm).,https://www.edmundoptics.com/p/25mm-diameter-x-25mm-fl-uncoated-plastic-aspheric-lens/20531/,priced from a real part
HUD display,0.23 in 640x400 micro-OLED + HDMI controller kit,Display Components 0.23in kit,1,215.0,HUD,EXPERIMENTAL,"The panel takes parallel RGB, normally through the HDMI board, so it needs an HDMI source (the MEDIA Pi). An ESP32-S3 cannot drive it directly. Measure the module and set disp_mod.",https://www.tindie.com/products/oled-modules/microdisplay-023-inch-micro-oled-display-640x400/,priced from a real part (brief: ~$99)
Media compute,Raspberry Pi Zero 2 W,SC0510,1,14.99,MEDIA,EXPERIMENTAL,Optional. Also drives the HDMI micro-OLED. The ESP32 stays the safety authority via MEDIA_EN (D6).,https://www.raspberrypi.com/products/raspberry-pi-zero-2-w/,kept (not modeled in CAD yet)
Media power,Protected 1S 2000-3000 mAh + 5 V >= 2 A regulator,rear media pack,1,25.0,MEDIA,EXPERIMENTAL,Separate supply. Never route media current through ESP32-class wiring.,,kept (not modeled)
Media storage,microSD 32 GB A1/A2,,1,7.0,MEDIA,EXPERIMENTAL,,,kept
