net,ref,module,pin,part,location,wire,net_description
BAT+,BT1,Cell LEFT,+,Protected 1S LiPo 501040 200 mAh,Left earpiece,28 AWG red,Both cells in parallel
BAT+,BT2,Cell RIGHT,+,Protected 1S LiPo 501040 200 mAh,Right earpiece,28 AWG red,Both cells in parallel
BAT+,SW1,Main power,COM,Wurth 452403012014 DPDT slide,Visor crest top,28 AWG red,Both cells in parallel
BAT_SW,SW1,Main power,throw A,Wurth 452403012014 DPDT slide,Visor crest top,local,Switched battery
BAT_SW,U1,XIAO ESP32-S3,BAT+ pad,Seeed XIAO ESP32-S3 (non-Sense),"Visor bridge, behind camera",local,Switched battery
BAT_SW,R2,100k top,1,100k 1/8 W,Visor bridge,local,Switched battery
VBAT_DIV,R2,100k top,2,100k 1/8 W,Visor bridge,local,Half battery voltage to ADC
VBAT_DIV,R3,100k bottom,1,100k 1/8 W,Visor bridge,local,Half battery voltage to ADC
VBAT_DIV,U1,XIAO ESP32-S3,D3 (A2),Seeed XIAO ESP32-S3 (non-Sense),"Visor bridge, behind camera",local,Half battery voltage to ADC
VBUS_5V,J1,Brick cable,USB VBUS,"micro-HDMI->HDMI + USB 4-core, braided","Enters visor crest, left side",USB red,5 V from the brick / power bank
VBUS_5V,D2,1N5817,anode,1N5817 Schottky,Visor crest,USB red,5 V from the brick / power bank
VBUS_5V,SW2,Camera kill,COM,Wurth 452403012014 DPDT slide,Visor crest top,USB red,5 V from the brick / power bank
VBUS_5V,U7,Micro-OLED board,5V in,Dual 0.71in micro-OLED HDMI driver,Visor crest bay,USB red,5 V from the brick / power bank
XIAO_5V,D2,1N5817,cathode (band),1N5817 Schottky,Visor crest,local,"XIAO 5V pin, also charges the cells"
XIAO_5V,U1,XIAO ESP32-S3,5V,Seeed XIAO ESP32-S3 (non-Sense),"Visor bridge, behind camera",local,"XIAO 5V pin, also charges the cells"
CAM_5V,SW2,Camera kill,throw A,Wurth 452403012014 DPDT slide,Visor crest top,local,"Camera power, ONLY with SW2 on"
CAM_5V,U2,Camera,5V (USB VBUS),Arducam IMX708 UVC 102 deg,"Visor centre bridge, front",local,"Camera power, ONLY with SW2 on"
CAM_5V,R1,1k,1,1k 1/8 W,Visor crest,local,"Camera power, ONLY with SW2 on"
LED_A,R1,1k,2,1k 1/8 W,Visor crest,local,LED current limit
LED_A,D1,CAMERA LIVE LED,anode (long leg),3 mm red LED,"Visor front, beside camera",local,LED current limit
GND,BT1,Cell LEFT,-,Protected 1S LiPo 501040 200 mAh,Left earpiece,28 AWG black,Common ground
GND,BT2,Cell RIGHT,-,Protected 1S LiPo 501040 200 mAh,Right earpiece,28 AWG black,Common ground
GND,J1,Brick cable,USB GND / HDMI shell,"micro-HDMI->HDMI + USB 4-core, braided","Enters visor crest, left side",28 AWG black,Common ground
GND,U1,XIAO ESP32-S3,GND + BAT- pad,Seeed XIAO ESP32-S3 (non-Sense),"Visor bridge, behind camera",28 AWG black,Common ground
GND,R3,100k bottom,2,100k 1/8 W,Visor bridge,28 AWG black,Common ground
GND,D1,CAMERA LIVE LED,cathode,3 mm red LED,"Visor front, beside camera",28 AWG black,Common ground
GND,U2,Camera,GND,Arducam IMX708 UVC 102 deg,"Visor centre bridge, front",28 AWG black,Common ground
GND,U3,IMU,GND,Adafruit 4438 LSM6DSOX,Visor bridge,28 AWG black,Common ground
GND,U4,Hall switch,GND,TI DRV5032FA on SOT-23 adapter,"Back of visor bridge, faces brow magnet",28 AWG black,Common ground
GND,U5,LCD LEFT,GND,Waveshare 1.69in 240x280 ST7789V2,"Left pod, front",28 AWG black,Common ground
GND,U6,LCD RIGHT,GND,Waveshare 1.69in 240x280 ST7789V2,"Right pod, front",28 AWG black,Common ground
GND,U7,Micro-OLED board,GND,Dual 0.71in micro-OLED HDMI driver,Visor crest bay,28 AWG black,Common ground
GND,SW3,Action button,pin 2,Omron B3F-1000 6x6 tact,Visor crest top flexure,28 AWG black,Common ground
3V3,U1,XIAO ESP32-S3,3V3,Seeed XIAO ESP32-S3 (non-Sense),"Visor bridge, behind camera",local,Logic supply from the XIAO
3V3,U3,IMU,VIN (Qwiic),Adafruit 4438 LSM6DSOX,Visor bridge,local,Logic supply from the XIAO
3V3,U4,Hall switch,VCC,TI DRV5032FA on SOT-23 adapter,"Back of visor bridge, faces brow magnet",local,Logic supply from the XIAO
3V3,U5,LCD LEFT,VCC + RST,Waveshare 1.69in 240x280 ST7789V2,"Left pod, front",local,Logic supply from the XIAO
3V3,U6,LCD RIGHT,VCC + RST,Waveshare 1.69in 240x280 ST7789V2,"Right pod, front",local,Logic supply from the XIAO
USB_D+,J1,Brick cable,USB D+,"micro-HDMI->HDMI + USB 4-core, braided","Enters visor crest, left side",USB green,Camera USB data to the brick
USB_D+,U2,Camera,D+,Arducam IMX708 UVC 102 deg,"Visor centre bridge, front",USB green,Camera USB data to the brick
USB_D-,J1,Brick cable,USB D-,"micro-HDMI->HDMI + USB 4-core, braided","Enters visor crest, left side",USB white,
USB_D-,U2,Camera,D-,Arducam IMX708 UVC 102 deg,"Visor centre bridge, front",USB white,
HDMI,J1,Brick cable,HDMI,"micro-HDMI->HDMI + USB 4-core, braided","Enters visor crest, left side",HDMI cable,Side-by-side 3840x1080 video
HDMI,U7,Micro-OLED board,HDMI in,Dual 0.71in micro-OLED HDMI driver,Visor crest bay,HDMI cable,Side-by-side 3840x1080 video
SPI_SCK,U1,XIAO ESP32-S3,D8,Seeed XIAO ESP32-S3 (non-Sense),"Visor bridge, behind camera",local,LCD clock (shared)
SPI_SCK,U5,LCD LEFT,CLK,Waveshare 1.69in 240x280 ST7789V2,"Left pod, front",local,LCD clock (shared)
SPI_SCK,U6,LCD RIGHT,CLK,Waveshare 1.69in 240x280 ST7789V2,"Right pod, front",local,LCD clock (shared)
SPI_MOSI,U1,XIAO ESP32-S3,D10,Seeed XIAO ESP32-S3 (non-Sense),"Visor bridge, behind camera",local,LCD data (shared)
SPI_MOSI,U5,LCD LEFT,DIN,Waveshare 1.69in 240x280 ST7789V2,"Left pod, front",local,LCD data (shared)
SPI_MOSI,U6,LCD RIGHT,DIN,Waveshare 1.69in 240x280 ST7789V2,"Right pod, front",local,LCD data (shared)
LCD_DC,U1,XIAO ESP32-S3,D2,Seeed XIAO ESP32-S3 (non-Sense),"Visor bridge, behind camera",local,Data / command (shared)
LCD_DC,U5,LCD LEFT,DC,Waveshare 1.69in 240x280 ST7789V2,"Left pod, front",local,Data / command (shared)
LCD_DC,U6,LCD RIGHT,DC,Waveshare 1.69in 240x280 ST7789V2,"Right pod, front",local,Data / command (shared)
CS_L,U1,XIAO ESP32-S3,D0,Seeed XIAO ESP32-S3 (non-Sense),"Visor bridge, behind camera",local,Select left LCD
CS_L,U5,LCD LEFT,CS,Waveshare 1.69in 240x280 ST7789V2,"Left pod, front",local,Select left LCD
CS_R,U1,XIAO ESP32-S3,D1,Seeed XIAO ESP32-S3 (non-Sense),"Visor bridge, behind camera",local,Select right LCD
CS_R,U6,LCD RIGHT,CS,Waveshare 1.69in 240x280 ST7789V2,"Right pod, front",local,Select right LCD
LCD_BL,U1,XIAO ESP32-S3,D6,Seeed XIAO ESP32-S3 (non-Sense),"Visor bridge, behind camera",local,Backlight PWM (shared)
LCD_BL,U5,LCD LEFT,BL,Waveshare 1.69in 240x280 ST7789V2,"Left pod, front",local,Backlight PWM (shared)
LCD_BL,U6,LCD RIGHT,BL,Waveshare 1.69in 240x280 ST7789V2,"Right pod, front",local,Backlight PWM (shared)
SDA,U1,XIAO ESP32-S3,D4,Seeed XIAO ESP32-S3 (non-Sense),"Visor bridge, behind camera",Qwiic blue,I2C data
SDA,U3,IMU,SDA (Qwiic),Adafruit 4438 LSM6DSOX,Visor bridge,Qwiic blue,I2C data
SCL,U1,XIAO ESP32-S3,D5,Seeed XIAO ESP32-S3 (non-Sense),"Visor bridge, behind camera",Qwiic yellow,I2C clock
SCL,U3,IMU,SCL (Qwiic),Adafruit 4438 LSM6DSOX,Visor bridge,Qwiic yellow,I2C clock
HALL,U4,Hall switch,OUT,TI DRV5032FA on SOT-23 adapter,"Back of visor bridge, faces brow magnet",local,Visor down = LOW
HALL,U1,XIAO ESP32-S3,D7,Seeed XIAO ESP32-S3 (non-Sense),"Visor bridge, behind camera",local,Visor down = LOW
BUTTON,SW3,Action button,pin 1,Omron B3F-1000 6x6 tact,Visor crest top flexure,local,Action button (pull-up)
BUTTON,U1,XIAO ESP32-S3,D9,Seeed XIAO ESP32-S3 (non-Sense),"Visor bridge, behind camera",local,Action button (pull-up)
OLED_FPC,U7,Micro-OLED board,FPC L / FPC R,Dual 0.71in micro-OLED HDMI driver,Visor crest bay,panel flex,Panel flex cables
NC / prep,U5,LCD LEFT,RST,Waveshare 1.69in 240x280 ST7789V2,"Left pod, front",,tie to 3V3 (the firmware sends a software reset)
NC / prep,U6,LCD RIGHT,RST,Waveshare 1.69in 240x280 ST7789V2,"Right pod, front",,tie to 3V3
NC / prep,U1,XIAO ESP32-S3,D3,Seeed XIAO ESP32-S3 (non-Sense),"Visor bridge, behind camera",,ADC: VBAT/2
NC / prep,U7,Micro-OLED board,5V in,Dual 0.71in micro-OLED HDMI driver,Visor crest bay,,"power the HDMI board from VBUS, never from the XIAO 3V3"
NC / prep,BT1,Cell LEFT,before joining,Protected 1S LiPo 501040 200 mAh,Left earpiece,,"charge both cells to 4.2 V separately, then wire them in parallel"
